{"v":"5.7.3","fr":30,"ip":0,"op":138,"w":2000,"h":2000,"nm":"Water bottle 2","ddd":0,"assets":[],"layers":[{"ddd":0,"ind":1,"ty":4,"nm":"Shape Layer 5","parent":16,"sr":1,"ks":{"o":{"a":1,"k":[{"i":{"x":[0.833],"y":[0.833]},"o":{"x":[0.167],"y":[0.167]},"t":32,"s":[0]},{"i":{"x":[0.833],"y":[0.833]},"o":{"x":[0.167],"y":[0.167]},"t":55,"s":[100]},{"t":79,"s":[0]}],"ix":11},"r":{"a":0,"k":0.6,"ix":10},"p":{"a":1,"k":[{"i":{"x":0.833,"y":0.862},"o":{"x":0.333,"y":0},"t":32,"s":[211.3,380.269,0],"to":[2.517,-12.197,0],"ti":[-6.431,19.878,0]},{"i":{"x":0.667,"y":1},"o":{"x":0.167,"y":0.208},"t":55,"s":[226.401,307.089,0],"to":[6.431,-19.878,0],"ti":[-3.914,7.682,0]},{"t":79,"s":[249.885,260.999,0]}],"ix":2},"a":{"a":0,"k":[0,0,0],"ix":1},"s":{"a":1,"k":[{"i":{"x":[0.833,0.833,0.833],"y":[0.833,0.833,0.833]},"o":{"x":[0.167,0.167,0.167],"y":[0.167,0.167,0.167]},"t":32,"s":[0,0,100]},{"t":79,"s":[33.333,33.333,100]}],"ix":6}},"ao":0,"shapes":[{"ty":"gr","it":[{"ind":0,"ty":"sh","ix":1,"ks":{"a":0,"k":{"i":[[13.807,0],[0,-13.807],[-13.807,0],[0,13.807]],"o":[[-13.807,0],[0,13.807],[13.807,0],[0,-13.807]],"v":[[3,-25],[-22,0],[3,25],[28,0]],"c":true},"ix":2},"nm":"Path 1","mn":"ADBE Vector Shape - Group","hd":false},{"ty":"st","c":{"a":0,"k":[0.737849934896,0.818700034946,1,1],"ix":3},"o":{"a":0,"k":100,"ix":4},"w":{"a":0,"k":3,"ix":5},"lc":1,"lj":1,"ml":4,"bm":0,"nm":"Stroke 1","mn":"ADBE Vector Graphic - Stroke","hd":false},{"ty":"tr","p":{"a":0,"k":[-1,1],"ix":2},"a":{"a":0,"k":[0,0],"ix":1},"s":{"a":0,"k":[100,100],"ix":3},"r":{"a":0,"k":0,"ix":6},"o":{"a":0,"k":100,"ix":7},"sk":{"a":0,"k":0,"ix":4},"sa":{"a":0,"k":0,"ix":5},"nm":"Transform"}],"nm":"Ellipse 1","np":3,"cix":2,"bm":0,"ix":1,"mn":"ADBE Vector Group","hd":false}],"ip":0,"op":138,"st":-10,"bm":0},{"ddd":0,"ind":2,"ty":4,"nm":"Shape Layer 4","parent":16,"sr":1,"ks":{"o":{"a":1,"k":[{"i":{"x":[0.833],"y":[0.833]},"o":{"x":[0.167],"y":[0.167]},"t":29,"s":[0]},{"i":{"x":[0.833],"y":[0.833]},"o":{"x":[0.167],"y":[0.167]},"t":52,"s":[100]},{"t":76,"s":[0]}],"ix":11},"r":{"a":0,"k":0.6,"ix":10},"p":{"a":1,"k":[{"i":{"x":0.833,"y":0.851},"o":{"x":0.333,"y":0},"t":29,"s":[267.985,378.862,0],"to":[0.798,-17.826,0],"ti":[-1.063,32.491,0]},{"i":{"x":0.667,"y":1},"o":{"x":0.167,"y":0.189},"t":52,"s":[272.772,271.906,0],"to":[1.063,-32.491,0],"ti":[-0.265,14.665,0]},{"t":76,"s":[274.36,183.918,0]}],"ix":2},"a":{"a":0,"k":[0,0,0],"ix":1},"s":{"a":1,"k":[{"i":{"x":[0.833,0.833,0.833],"y":[0.833,0.833,0.833]},"o":{"x":[0.167,0.167,0.167],"y":[0.167,0.167,0.167]},"t":29,"s":[0,0,100]},{"t":76,"s":[33.333,33.333,100]}],"ix":6}},"ao":0,"shapes":[{"ty":"gr","it":[{"ind":0,"ty":"sh","ix":1,"ks":{"a":0,"k":{"i":[[13.807,0],[0,-13.807],[-13.807,0],[0,13.807]],"o":[[-13.807,0],[0,13.807],[13.807,0],[0,-13.807]],"v":[[3,-25],[-22,0],[3,25],[28,0]],"c":true},"ix":2},"nm":"Path 1","mn":"ADBE Vector Shape - Group","hd":false},{"ty":"st","c":{"a":0,"k":[0.737849934896,0.818700034946,1,1],"ix":3},"o":{"a":0,"k":100,"ix":4},"w":{"a":0,"k":3,"ix":5},"lc":1,"lj":1,"ml":4,"bm":0,"nm":"Stroke 1","mn":"ADBE Vector Graphic - Stroke","hd":false},{"ty":"tr","p":{"a":0,"k":[-1,1],"ix":2},"a":{"a":0,"k":[0,0],"ix":1},"s":{"a":0,"k":[100,100],"ix":3},"r":{"a":0,"k":0,"ix":6},"o":{"a":0,"k":100,"ix":7},"sk":{"a":0,"k":0,"ix":4},"sa":{"a":0,"k":0,"ix":5},"nm":"Transform"}],"nm":"Ellipse 1","np":3,"cix":2,"bm":0,"ix":1,"mn":"ADBE Vector Group","hd":false}],"ip":0,"op":138,"st":-13,"bm":0},{"ddd":0,"ind":3,"ty":4,"nm":"Shape Layer 3","parent":16,"sr":1,"ks":{"o":{"a":1,"k":[{"i":{"x":[0.833],"y":[0.833]},"o":{"x":[0.167],"y":[0.167]},"t":23,"s":[0]},{"i":{"x":[0.833],"y":[0.833]},"o":{"x":[0.167],"y":[0.167]},"t":46,"s":[100]},{"t":70,"s":[0]}],"ix":11},"r":{"a":0,"k":0.6,"ix":10},"p":{"a":1,"k":[{"i":{"x":0.833,"y":0.843},"o":{"x":0.333,"y":0},"t":23,"s":[288.321,378.742,0],"to":[-8.901,-14.761,0],"ti":[12.573,30.189,0]},{"i":{"x":0.667,"y":1},"o":{"x":0.167,"y":0.178},"t":46,"s":[234.912,290.178,0],"to":[-12.573,-30.189,0],"ti":[3.672,15.428,0]},{"t":70,"s":[212.88,197.608,0]}],"ix":2},"a":{"a":0,"k":[0,0,0],"ix":1},"s":{"a":1,"k":[{"i":{"x":[0.833,0.833,0.833],"y":[0.833,0.833,0.833]},"o":{"x":[0.167,0.167,0.167],"y":[0.167,0.167,0.167]},"t":23,"s":[0,0,100]},{"t":70,"s":[33.333,33.333,100]}],"ix":6}},"ao":0,"shapes":[{"ty":"gr","it":[{"ind":0,"ty":"sh","ix":1,"ks":{"a":0,"k":{"i":[[13.807,0],[0,-13.807],[-13.807,0],[0,13.807]],"o":[[-13.807,0],[0,13.807],[13.807,0],[0,-13.807]],"v":[[3,-25],[-22,0],[3,25],[28,0]],"c":true},"ix":2},"nm":"Path 1","mn":"ADBE Vector Shape - Group","hd":false},{"ty":"st","c":{"a":0,"k":[0.737849934896,0.818700034946,1,1],"ix":3},"o":{"a":0,"k":100,"ix":4},"w":{"a":0,"k":3,"ix":5},"lc":1,"lj":1,"ml":4,"bm":0,"nm":"Stroke 1","mn":"ADBE Vector Graphic - Stroke","hd":false},{"ty":"tr","p":{"a":0,"k":[-1,1],"ix":2},"a":{"a":0,"k":[0,0],"ix":1},"s":{"a":0,"k":[100,100],"ix":3},"r":{"a":0,"k":0,"ix":6},"o":{"a":0,"k":100,"ix":7},"sk":{"a":0,"k":0,"ix":4},"sa":{"a":0,"k":0,"ix":5},"nm":"Transform"}],"nm":"Ellipse 1","np":3,"cix":2,"bm":0,"ix":1,"mn":"ADBE Vector Group","hd":false}],"ip":0,"op":138,"st":-19,"bm":0},{"ddd":0,"ind":4,"ty":4,"nm":"Layer 2 Outlines","parent":16,"sr":1,"ks":{"o":{"a":0,"k":30,"ix":11},"r":{"a":0,"k":0,"ix":10},"p":{"a":0,"k":[250,250,0],"ix":2},"a":{"a":0,"k":[250,250,0],"ix":1},"s":{"a":0,"k":[100,100,100],"ix":6}},"ao":0,"shapes":[{"ty":"gr","it":[{"ind":0,"ty":"sh","ix":1,"ks":{"a":0,"k":{"i":[[0,0],[0,0],[2.117,0.026],[0.026,-2.118],[0,0]],"o":[[0,0],[0.026,-2.117],[-2.118,-0.026],[0,0],[0,0]],"v":[[3.162,57.056],[4.504,-53.175],[0.718,-57.055],[-3.162,-53.268],[-4.505,56.963]],"c":false},"ix":2},"nm":"Path 1","mn":"ADBE Vector Shape - Group","hd":false},{"ty":"fl","c":{"a":0,"k":[1,1,1,1],"ix":4},"o":{"a":0,"k":100,"ix":5},"r":1,"bm":0,"nm":"Fill 1","mn":"ADBE Vector Graphic - Fill","hd":false},{"ty":"tr","p":{"a":0,"k":[309.201,226.316],"ix":2},"a":{"a":0,"k":[0,0],"ix":1},"s":{"a":0,"k":[100,100],"ix":3},"r":{"a":0,"k":0,"ix":6},"o":{"a":0,"k":100,"ix":7},"sk":{"a":0,"k":0,"ix":4},"sa":{"a":0,"k":0,"ix":5},"nm":"Transform"}],"nm":"Group 1","np":4,"cix":2,"bm":0,"ix":1,"mn":"ADBE Vector Group","hd":false}],"ip":0,"op":138,"st":0,"bm":0},{"ddd":0,"ind":5,"ty":4,"nm":"Layer 3 Outlines","parent":16,"sr":1,"ks":{"o":{"a":0,"k":30,"ix":11},"r":{"a":0,"k":0,"ix":10},"p":{"a":0,"k":[250,250,0],"ix":2},"a":{"a":0,"k":[250,250,0],"ix":1},"s":{"a":0,"k":[100,100,100],"ix":6}},"ao":0,"shapes":[{"ty":"gr","it":[{"ind":0,"ty":"sh","ix":1,"ks":{"a":0,"k":{"i":[[0,0],[0,0],[5.386,-2.832],[-1.817,-0.022],[-0.107,8.775],[0,0]],"o":[[0,0],[-0.077,6.316],[-1.609,0.846],[8.775,0.107],[0,0],[0,0]],"v":[[1.878,-60.557],[0.596,44.768],[-8.603,57.259],[-7.82,60.556],[8.262,44.861],[9.545,-60.464]],"c":false},"ix":2},"nm":"Path 1","mn":"ADBE Vector Shape - Group","hd":false},{"ty":"fl","c":{"a":0,"k":[1,1,1,1],"ix":4},"o":{"a":0,"k":100,"ix":5},"r":1,"bm":0,"nm":"Fill 1","mn":"ADBE Vector Graphic - Fill","hd":false},{"ty":"tr","p":{"a":0,"k":[302.818,343.836],"ix":2},"a":{"a":0,"k":[0,0],"ix":1},"s":{"a":0,"k":[100,100],"ix":3},"r":{"a":0,"k":0,"ix":6},"o":{"a":0,"k":100,"ix":7},"sk":{"a":0,"k":0,"ix":4},"sa":{"a":0,"k":0,"ix":5},"nm":"Transform"}],"nm":"Group 1","np":4,"cix":2,"bm":0,"ix":1,"mn":"ADBE Vector Group","hd":false}],"ip":0,"op":138,"st":0,"bm":0},{"ddd":0,"ind":6,"ty":4,"nm":"Layer 4 Outlines","parent":7,"td":1,"sr":1,"ks":{"o":{"a":0,"k":30,"ix":11},"r":{"a":0,"k":0,"ix":10},"p":{"a":1,"k":[{"i":{"x":0.667,"y":1},"o":{"x":0.333,"y":0},"t":86,"s":[255.6,250,0],"to":[-10.444,-0.109,0],"ti":[10.444,0.109,0]},{"t":103,"s":[192.937,249.344,0]}],"ix":2},"a":{"a":0,"k":[250,250,0],"ix":1},"s":{"a":0,"k":[100,100,100],"ix":6}},"ao":0,"shapes":[{"ty":"gr","it":[{"ind":0,"ty":"sh","ix":1,"ks":{"a":0,"k":{"i":[[0.256,-0.018],[0.014,0],[-0.003,0.276],[0,0],[-0.267,-0.005],[0.004,-0.276],[0,0]],"o":[[-0.014,0.001],[-0.276,-0.003],[0,0],[0.003,-0.276],[0.276,0.003],[0,0],[-0.004,0.262]],"v":[[-0.061,8.432],[-0.103,8.433],[-0.597,7.927],[-0.404,-7.938],[0.102,-8.432],[0.595,-7.926],[0.403,7.939]],"c":true},"ix":2},"nm":"Path 1","mn":"ADBE Vector Shape - Group","hd":false},{"ty":"fl","c":{"a":0,"k":[1,1,1,1],"ix":4},"o":{"a":0,"k":100,"ix":5},"r":1,"bm":0,"nm":"Fill 1","mn":"ADBE Vector Graphic - Fill","hd":false},{"ty":"tr","p":{"a":0,"k":[334.121,100.552],"ix":2},"a":{"a":0,"k":[0,0],"ix":1},"s":{"a":0,"k":[100,100],"ix":3},"r":{"a":0,"k":0,"ix":6},"o":{"a":0,"k":100,"ix":7},"sk":{"a":0,"k":0,"ix":4},"sa":{"a":0,"k":0,"ix":5},"nm":"Transform"}],"nm":"Group 12","np":4,"cix":2,"bm":0,"ix":1,"mn":"ADBE Vector Group","hd":false},{"ty":"gr","it":[{"ind":0,"ty":"sh","ix":1,"ks":{"a":0,"k":{"i":[[0.256,-0.018],[0.014,0],[-0.003,0.276],[0,0],[-0.267,-0.005],[0.004,-0.276],[0,0]],"o":[[-0.014,0.001],[-0.276,-0.003],[0,0],[0.003,-0.276],[0.276,0.003],[0,0],[-0.004,0.262]],"v":[[-0.061,8.432],[-0.103,8.433],[-0.597,7.927],[-0.404,-7.938],[0.102,-8.432],[0.595,-7.926],[0.403,7.939]],"c":true},"ix":2},"nm":"Path 1","mn":"ADBE Vector Shape - Group","hd":false},{"ty":"fl","c":{"a":0,"k":[1,1,1,1],"ix":4},"o":{"a":0,"k":100,"ix":5},"r":1,"bm":0,"nm":"Fill 1","mn":"ADBE Vector Graphic - Fill","hd":false},{"ty":"tr","p":{"a":0,"k":[277.142,100.552],"ix":2},"a":{"a":0,"k":[0,0],"ix":1},"s":{"a":0,"k":[100,100],"ix":3},"r":{"a":0,"k":0,"ix":6},"o":{"a":0,"k":100,"ix":7},"sk":{"a":0,"k":0,"ix":4},"sa":{"a":0,"k":0,"ix":5},"nm":"Transform"}],"nm":"Group 1","np":4,"cix":2,"bm":0,"ix":2,"mn":"ADBE Vector Group","hd":false},{"ty":"gr","it":[{"ind":0,"ty":"sh","ix":1,"ks":{"a":0,"k":{"i":[[0.256,-0.018],[0.014,0],[-0.003,0.276],[0,0],[-0.246,-0.005],[0.004,-0.276],[0,0]],"o":[[-0.015,0.001],[-0.276,-0.003],[0,0],[0.003,-0.277],[0.276,0.003],[0,0],[-0.003,0.263]],"v":[[-0.061,8.432],[-0.103,8.433],[-0.597,7.927],[-0.403,-7.938],[0.103,-8.432],[0.596,-7.926],[0.403,7.939]],"c":true},"ix":2},"nm":"Path 1","mn":"ADBE Vector Shape - Group","hd":false},{"ty":"fl","c":{"a":0,"k":[1,1,1,1],"ix":4},"o":{"a":0,"k":100,"ix":5},"r":1,"bm":0,"nm":"Fill 1","mn":"ADBE Vector Graphic - Fill","hd":false},{"ty":"tr","p":{"a":0,"k":[324.344,100.432],"ix":2},"a":{"a":0,"k":[0,0],"ix":1},"s":{"a":0,"k":[100,100],"ix":3},"r":{"a":0,"k":0,"ix":6},"o":{"a":0,"k":100,"ix":7},"sk":{"a":0,"k":0,"ix":4},"sa":{"a":0,"k":0,"ix":5},"nm":"Transform"}],"nm":"Group 11","np":4,"cix":2,"bm":0,"ix":3,"mn":"ADBE Vector Group","hd":false},{"ty":"gr","it":[{"ind":0,"ty":"sh","ix":1,"ks":{"a":0,"k":{"i":[[0.256,-0.018],[0.014,0],[-0.003,0.276],[0,0],[-0.246,-0.005],[0.004,-0.276],[0,0]],"o":[[-0.015,0.001],[-0.276,-0.003],[0,0],[0.003,-0.277],[0.276,0.003],[0,0],[-0.003,0.263]],"v":[[-0.061,8.432],[-0.103,8.433],[-0.597,7.927],[-0.403,-7.938],[0.103,-8.432],[0.596,-7.926],[0.403,7.939]],"c":true},"ix":2},"nm":"Path 1","mn":"ADBE Vector Shape - Group","hd":false},{"ty":"fl","c":{"a":0,"k":[1,1,1,1],"ix":4},"o":{"a":0,"k":100,"ix":5},"r":1,"bm":0,"nm":"Fill 1","mn":"ADBE Vector Graphic - Fill","hd":false},{"ty":"tr","p":{"a":0,"k":[267.365,100.432],"ix":2},"a":{"a":0,"k":[0,0],"ix":1},"s":{"a":0,"k":[100,100],"ix":3},"r":{"a":0,"k":0,"ix":6},"o":{"a":0,"k":100,"ix":7},"sk":{"a":0,"k":0,"ix":4},"sa":{"a":0,"k":0,"ix":5},"nm":"Transform"}],"nm":"Group 2","np":4,"cix":2,"bm":0,"ix":4,"mn":"ADBE Vector Group","hd":false},{"ty":"gr","it":[{"ind":0,"ty":"sh","ix":1,"ks":{"a":0,"k":{"i":[[0.256,-0.018],[0.013,0],[-0.003,0.276],[0,0],[-0.257,-0.005],[0.003,-0.276],[0,0]],"o":[[-0.015,0.001],[-0.276,-0.003],[0,0],[0.004,-0.277],[0.276,0.003],[0,0],[-0.003,0.263]],"v":[[-0.061,8.432],[-0.103,8.433],[-0.597,7.927],[-0.403,-7.938],[0.103,-8.432],[0.596,-7.926],[0.402,7.939]],"c":true},"ix":2},"nm":"Path 1","mn":"ADBE Vector Shape - Group","hd":false},{"ty":"fl","c":{"a":0,"k":[1,1,1,1],"ix":4},"o":{"a":0,"k":100,"ix":5},"r":1,"bm":0,"nm":"Fill 1","mn":"ADBE Vector Graphic - Fill","hd":false},{"ty":"tr","p":{"a":0,"k":[314.567,100.314],"ix":2},"a":{"a":0,"k":[0,0],"ix":1},"s":{"a":0,"k":[100,100],"ix":3},"r":{"a":0,"k":0,"ix":6},"o":{"a":0,"k":100,"ix":7},"sk":{"a":0,"k":0,"ix":4},"sa":{"a":0,"k":0,"ix":5},"nm":"Transform"}],"nm":"Group 10","np":4,"cix":2,"bm":0,"ix":5,"mn":"ADBE Vector Group","hd":false},{"ty":"gr","it":[{"ind":0,"ty":"sh","ix":1,"ks":{"a":0,"k":{"i":[[0.256,-0.018],[0.013,0],[-0.003,0.276],[0,0],[-0.257,-0.005],[0.003,-0.276],[0,0]],"o":[[-0.015,0.001],[-0.276,-0.003],[0,0],[0.004,-0.277],[0.276,0.003],[0,0],[-0.003,0.263]],"v":[[-0.061,8.432],[-0.103,8.433],[-0.597,7.927],[-0.403,-7.938],[0.103,-8.432],[0.596,-7.926],[0.402,7.939]],"c":true},"ix":2},"nm":"Path 1","mn":"ADBE Vector Shape - Group","hd":false},{"ty":"fl","c":{"a":0,"k":[1,1,1,1],"ix":4},"o":{"a":0,"k":100,"ix":5},"r":1,"bm":0,"nm":"Fill 1","mn":"ADBE Vector Graphic - Fill","hd":false},{"ty":"tr","p":{"a":0,"k":[257.587,100.314],"ix":2},"a":{"a":0,"k":[0,0],"ix":1},"s":{"a":0,"k":[100,100],"ix":3},"r":{"a":0,"k":0,"ix":6},"o":{"a":0,"k":100,"ix":7},"sk":{"a":0,"k":0,"ix":4},"sa":{"a":0,"k":0,"ix":5},"nm":"Transform"}],"nm":"Group 3","np":4,"cix":2,"bm":0,"ix":6,"mn":"ADBE Vector Group","hd":false},{"ty":"gr","it":[{"ind":0,"ty":"sh","ix":1,"ks":{"a":0,"k":{"i":[[0.256,-0.018],[0.014,0.001],[-0.003,0.276],[0,0],[-0.249,-0.005],[0.004,-0.276],[0,0]],"o":[[-0.015,0.001],[-0.276,-0.003],[0,0],[0.003,-0.277],[0.276,0.003],[0,0],[-0.004,0.263]],"v":[[-0.061,8.432],[-0.103,8.433],[-0.597,7.927],[-0.403,-7.938],[0.103,-8.432],[0.596,-7.926],[0.403,7.939]],"c":true},"ix":2},"nm":"Path 1","mn":"ADBE Vector Shape - Group","hd":false},{"ty":"fl","c":{"a":0,"k":[1,1,1,1],"ix":4},"o":{"a":0,"k":100,"ix":5},"r":1,"bm":0,"nm":"Fill 1","mn":"ADBE Vector Graphic - Fill","hd":false},{"ty":"tr","p":{"a":0,"k":[304.79,100.195],"ix":2},"a":{"a":0,"k":[0,0],"ix":1},"s":{"a":0,"k":[100,100],"ix":3},"r":{"a":0,"k":0,"ix":6},"o":{"a":0,"k":100,"ix":7},"sk":{"a":0,"k":0,"ix":4},"sa":{"a":0,"k":0,"ix":5},"nm":"Transform"}],"nm":"Group 9","np":4,"cix":2,"bm":0,"ix":7,"mn":"ADBE Vector Group","hd":false},{"ty":"gr","it":[{"ind":0,"ty":"sh","ix":1,"ks":{"a":0,"k":{"i":[[0.256,-0.018],[0.014,0.001],[-0.003,0.276],[0,0],[-0.249,-0.005],[0.004,-0.276],[0,0]],"o":[[-0.015,0.001],[-0.276,-0.003],[0,0],[0.003,-0.277],[0.276,0.003],[0,0],[-0.004,0.263]],"v":[[-0.061,8.432],[-0.103,8.433],[-0.597,7.927],[-0.403,-7.938],[0.103,-8.432],[0.596,-7.926],[0.403,7.939]],"c":true},"ix":2},"nm":"Path 1","mn":"ADBE Vector Shape - Group","hd":false},{"ty":"fl","c":{"a":0,"k":[1,1,1,1],"ix":4},"o":{"a":0,"k":100,"ix":5},"r":1,"bm":0,"nm":"Fill 1","mn":"ADBE Vector Graphic - Fill","hd":false},{"ty":"tr","p":{"a":0,"k":[247.811,100.195],"ix":2},"a":{"a":0,"k":[0,0],"ix":1},"s":{"a":0,"k":[100,100],"ix":3},"r":{"a":0,"k":0,"ix":6},"o":{"a":0,"k":100,"ix":7},"sk":{"a":0,"k":0,"ix":4},"sa":{"a":0,"k":0,"ix":5},"nm":"Transform"}],"nm":"Group 4","np":4,"cix":2,"bm":0,"ix":8,"mn":"ADBE Vector Group","hd":false},{"ty":"gr","it":[{"ind":0,"ty":"sh","ix":1,"ks":{"a":0,"k":{"i":[[0.256,-0.018],[0.014,0],[-0.003,0.276],[0,0],[-0.261,-0.005],[0.004,-0.276],[0,0]],"o":[[-0.014,0.001],[-0.276,-0.003],[0,0],[0.003,-0.276],[0.276,0.003],[0,0],[-0.004,0.263]],"v":[[-0.061,8.431],[-0.103,8.432],[-0.597,7.927],[-0.404,-7.939],[0.102,-8.432],[0.595,-7.926],[0.403,7.939]],"c":true},"ix":2},"nm":"Path 1","mn":"ADBE Vector Shape - Group","hd":false},{"ty":"fl","c":{"a":0,"k":[1,1,1,1],"ix":4},"o":{"a":0,"k":100,"ix":5},"r":1,"bm":0,"nm":"Fill 1","mn":"ADBE Vector Graphic - Fill","hd":false},{"ty":"tr","p":{"a":0,"k":[295.013,100.076],"ix":2},"a":{"a":0,"k":[0,0],"ix":1},"s":{"a":0,"k":[100,100],"ix":3},"r":{"a":0,"k":0,"ix":6},"o":{"a":0,"k":100,"ix":7},"sk":{"a":0,"k":0,"ix":4},"sa":{"a":0,"k":0,"ix":5},"nm":"Transform"}],"nm":"Group 8","np":4,"cix":2,"bm":0,"ix":9,"mn":"ADBE Vector Group","hd":false},{"ty":"gr","it":[{"ind":0,"ty":"sh","ix":1,"ks":{"a":0,"k":{"i":[[0.256,-0.018],[0.014,0],[-0.003,0.276],[0,0],[-0.261,-0.005],[0.004,-0.276],[0,0]],"o":[[-0.014,0.001],[-0.276,-0.003],[0,0],[0.003,-0.276],[0.276,0.003],[0,0],[-0.004,0.263]],"v":[[-0.061,8.431],[-0.103,8.432],[-0.597,7.927],[-0.404,-7.939],[0.102,-8.432],[0.595,-7.926],[0.403,7.939]],"c":true},"ix":2},"nm":"Path 1","mn":"ADBE Vector Shape - Group","hd":false},{"ty":"fl","c":{"a":0,"k":[1,1,1,1],"ix":4},"o":{"a":0,"k":100,"ix":5},"r":1,"bm":0,"nm":"Fill 1","mn":"ADBE Vector Graphic - Fill","hd":false},{"ty":"tr","p":{"a":0,"k":[238.034,100.076],"ix":2},"a":{"a":0,"k":[0,0],"ix":1},"s":{"a":0,"k":[100,100],"ix":3},"r":{"a":0,"k":0,"ix":6},"o":{"a":0,"k":100,"ix":7},"sk":{"a":0,"k":0,"ix":4},"sa":{"a":0,"k":0,"ix":5},"nm":"Transform"}],"nm":"Group 5","np":4,"cix":2,"bm":0,"ix":10,"mn":"ADBE Vector Group","hd":false},{"ty":"gr","it":[{"ind":0,"ty":"sh","ix":1,"ks":{"a":0,"k":{"i":[[0.256,-0.018],[0.014,0],[-0.003,0.276],[0,0],[-0.273,-0.006],[0.004,-0.276],[0,0]],"o":[[-0.014,0.001],[-0.276,-0.003],[0,0],[0.004,-0.277],[0.276,0.003],[0,0],[-0.003,0.263]],"v":[[-0.06,8.432],[-0.102,8.433],[-0.596,7.927],[-0.403,-7.938],[0.103,-8.432],[0.596,-7.926],[0.404,7.939]],"c":true},"ix":2},"nm":"Path 1","mn":"ADBE Vector Shape - Group","hd":false},{"ty":"fl","c":{"a":0,"k":[1,1,1,1],"ix":4},"o":{"a":0,"k":100,"ix":5},"r":1,"bm":0,"nm":"Fill 1","mn":"ADBE Vector Graphic - Fill","hd":false},{"ty":"tr","p":{"a":0,"k":[285.235,99.956],"ix":2},"a":{"a":0,"k":[0,0],"ix":1},"s":{"a":0,"k":[100,100],"ix":3},"r":{"a":0,"k":0,"ix":6},"o":{"a":0,"k":100,"ix":7},"sk":{"a":0,"k":0,"ix":4},"sa":{"a":0,"k":0,"ix":5},"nm":"Transform"}],"nm":"Group 7","np":4,"cix":2,"bm":0,"ix":11,"mn":"ADBE Vector Group","hd":false},{"ty":"gr","it":[{"ind":0,"ty":"sh","ix":1,"ks":{"a":0,"k":{"i":[[0.256,-0.018],[0.014,0],[-0.003,0.276],[0,0],[-0.273,-0.006],[0.004,-0.276],[0,0]],"o":[[-0.014,0.001],[-0.276,-0.003],[0,0],[0.004,-0.277],[0.276,0.003],[0,0],[-0.003,0.263]],"v":[[-0.06,8.432],[-0.102,8.433],[-0.596,7.927],[-0.403,-7.938],[0.103,-8.432],[0.596,-7.926],[0.404,7.939]],"c":true},"ix":2},"nm":"Path 1","mn":"ADBE Vector Shape - Group","hd":false},{"ty":"fl","c":{"a":0,"k":[1,1,1,1],"ix":4},"o":{"a":0,"k":100,"ix":5},"r":1,"bm":0,"nm":"Fill 1","mn":"ADBE Vector Graphic - Fill","hd":false},{"ty":"tr","p":{"a":0,"k":[228.256,99.956],"ix":2},"a":{"a":0,"k":[0,0],"ix":1},"s":{"a":0,"k":[100,100],"ix":3},"r":{"a":0,"k":0,"ix":6},"o":{"a":0,"k":100,"ix":7},"sk":{"a":0,"k":0,"ix":4},"sa":{"a":0,"k":0,"ix":5},"nm":"Transform"}],"nm":"Group 6","np":4,"cix":2,"bm":0,"ix":12,"mn":"ADBE Vector Group","hd":false}],"ip":0,"op":138,"st":0,"bm":0},{"ddd":0,"ind":7,"ty":4,"nm":"CEP","parent":16,"tt":2,"sr":1,"ks":{"o":{"a":0,"k":100,"ix":11},"r":{"a":0,"k":0,"ix":10},"p":{"s":true,"x":{"a":1,"k":[{"i":{"x":[0.97],"y":[1]},"o":{"x":[0.03],"y":[0]},"t":76,"s":[250]},{"i":{"x":[0.986],"y":[1]},"o":{"x":[0.014],"y":[0]},"t":86,"s":[250]},{"t":103,"s":[250]}],"ix":3},"y":{"a":1,"k":[{"i":{"x":[0.845],"y":[0.997]},"o":{"x":[0.791],"y":[0.392]},"t":76,"s":[18]},{"i":{"x":[0.986],"y":[0.871]},"o":{"x":[0.357],"y":[0.477]},"t":86,"s":[243.9]},{"t":103,"s":[250]}],"ix":4}},"a":{"a":0,"k":[250,250,0],"ix":1},"s":{"a":0,"k":[100,100,100],"ix":6}},"ao":0,"shapes":[{"ty":"gr","it":[{"ind":0,"ty":"sh","ix":1,"ks":{"a":0,"k":{"i":[[2.259,0.028],[0,0],[0.027,-2.259],[0,0],[-2.259,-0.028],[0,0],[-0.028,2.259],[0,0]],"o":[[0,0],[-2.259,-0.028],[0,0],[-0.027,2.259],[0,0],[2.259,0.028],[0,0],[0.027,-2.259]],"v":[[27.092,-10.321],[-26.834,-10.977],[-30.974,-6.937],[-31.134,6.181],[-27.093,10.321],[26.833,10.977],[30.973,6.937],[31.133,-6.181]],"c":true},"ix":2},"nm":"Path 1","mn":"ADBE Vector Shape - Group","hd":false},{"ty":"fl","c":{"a":0,"k":[0.250999989229,0.481999984442,1,1],"ix":4},"o":{"a":0,"k":100,"ix":5},"r":1,"bm":0,"nm":"Fill 1","mn":"ADBE Vector Graphic - Fill","hd":false},{"ty":"tr","p":{"a":0,"k":[252.699,100.254],"ix":2},"a":{"a":0,"k":[0,0],"ix":1},"s":{"a":0,"k":[100,100],"ix":3},"r":{"a":0,"k":0,"ix":6},"o":{"a":0,"k":100,"ix":7},"sk":{"a":0,"k":0,"ix":4},"sa":{"a":0,"k":0,"ix":5},"nm":"Transform"}],"nm":"Group 1","np":4,"cix":2,"bm":0,"ix":1,"mn":"ADBE Vector Group","hd":false}],"ip":0,"op":138,"st":0,"bm":0},{"ddd":0,"ind":8,"ty":4,"nm":"Layer 9 Outlines","parent":7,"sr":1,"ks":{"o":{"a":0,"k":100,"ix":11},"r":{"a":0,"k":0,"ix":10},"p":{"a":0,"k":[250,250,0],"ix":2},"a":{"a":0,"k":[250,250,0],"ix":1},"s":{"a":0,"k":[100,100,100],"ix":6}},"ao":0,"shapes":[{"ty":"gr","it":[{"ind":0,"ty":"sh","ix":1,"ks":{"a":0,"k":{"i":[[0,0],[0,0],[0,0],[0,0]],"o":[[0,0],[0,0],[0,0],[0,0]],"v":[[-26.983,-4.996],[-27.097,4.337],[26.983,4.996],[27.097,-4.338]],"c":true},"ix":2},"nm":"Path 1","mn":"ADBE Vector Shape - Group","hd":false},{"ty":"fl","c":{"a":0,"k":[0.250999989229,0.481999984442,1,1],"ix":4},"o":{"a":0,"k":100,"ix":5},"r":1,"bm":0,"nm":"Fill 1","mn":"ADBE Vector Graphic - Fill","hd":false},{"ty":"tr","p":{"a":0,"k":[252.591,109.076],"ix":2},"a":{"a":0,"k":[0,0],"ix":1},"s":{"a":0,"k":[100,100],"ix":3},"r":{"a":0,"k":0,"ix":6},"o":{"a":0,"k":100,"ix":7},"sk":{"a":0,"k":0,"ix":4},"sa":{"a":0,"k":0,"ix":5},"nm":"Transform"}],"nm":"Group 1","np":4,"cix":2,"bm":0,"ix":1,"mn":"ADBE Vector Group","hd":false}],"ip":0,"op":138,"st":0,"bm":0},{"ddd":0,"ind":9,"ty":4,"nm":"Layer 9 Outlines 3","parent":15,"sr":1,"ks":{"o":{"a":0,"k":100,"ix":11},"r":{"a":0,"k":0,"ix":10},"p":{"a":0,"k":[249.934,192.663,0],"ix":2},"a":{"a":0,"k":[250,250,0],"ix":1},"s":{"a":0,"k":[109.7,55,100],"ix":6}},"ao":0,"shapes":[{"ty":"gr","it":[{"ind":0,"ty":"sh","ix":1,"ks":{"a":0,"k":{"i":[[0,0],[0,0],[0,0],[0,0]],"o":[[0,0],[0,0],[0,0],[0,0]],"v":[[-26.983,-4.996],[-27.097,4.337],[26.983,4.996],[27.097,-4.338]],"c":true},"ix":2},"nm":"Path 1","mn":"ADBE Vector Shape - Group","hd":false},{"ty":"fl","c":{"a":0,"k":[0.5530180688,0.682406137504,0.972549019608,1],"ix":4},"o":{"a":0,"k":100,"ix":5},"r":1,"bm":0,"nm":"Fill 1","mn":"ADBE Vector Graphic - Fill","hd":false},{"ty":"tr","p":{"a":0,"k":[252.591,109.076],"ix":2},"a":{"a":0,"k":[0,0],"ix":1},"s":{"a":0,"k":[100,100],"ix":3},"r":{"a":0,"k":0,"ix":6},"o":{"a":0,"k":100,"ix":7},"sk":{"a":0,"k":0,"ix":4},"sa":{"a":0,"k":0,"ix":5},"nm":"Transform"}],"nm":"Group 1","np":4,"cix":2,"bm":0,"ix":1,"mn":"ADBE Vector Group","hd":false}],"ip":0,"op":138,"st":0,"bm":0},{"ddd":0,"ind":10,"ty":4,"nm":"Layer 9 Outlines 2","parent":15,"sr":1,"ks":{"o":{"a":0,"k":100,"ix":11},"r":{"a":0,"k":0,"ix":10},"p":{"a":0,"k":[250,250,0],"ix":2},"a":{"a":0,"k":[250,250,0],"ix":1},"s":{"a":0,"k":[100,100,100],"ix":6}},"ao":0,"shapes":[{"ty":"gr","it":[{"ind":0,"ty":"sh","ix":1,"ks":{"a":0,"k":{"i":[[0,0],[0,0],[0,0],[0,0]],"o":[[0,0],[0,0],[0,0],[0,0]],"v":[[-26.983,-4.996],[-27.097,4.337],[26.983,4.996],[27.097,-4.338]],"c":true},"ix":2},"nm":"Path 1","mn":"ADBE Vector Shape - Group","hd":false},{"ty":"fl","c":{"a":0,"k":[0.625499949736,0.741000007181,1,1],"ix":4},"o":{"a":0,"k":100,"ix":5},"r":1,"bm":0,"nm":"Fill 1","mn":"ADBE Vector Graphic - Fill","hd":false},{"ty":"tr","p":{"a":0,"k":[252.591,109.076],"ix":2},"a":{"a":0,"k":[0,0],"ix":1},"s":{"a":0,"k":[100,100],"ix":3},"r":{"a":0,"k":0,"ix":6},"o":{"a":0,"k":100,"ix":7},"sk":{"a":0,"k":0,"ix":4},"sa":{"a":0,"k":0,"ix":5},"nm":"Transform"}],"nm":"Group 1","np":4,"cix":2,"bm":0,"ix":1,"mn":"ADBE Vector Group","hd":false}],"ip":0,"op":138,"st":0,"bm":0},{"ddd":0,"ind":11,"ty":4,"nm":"Voda","sr":1,"ks":{"o":{"a":0,"k":100,"ix":11},"r":{"a":0,"k":0,"ix":10},"p":{"a":0,"k":[992,952,0],"ix":2},"a":{"a":0,"k":[0,0,0],"ix":1},"s":{"a":0,"k":[100,100,100],"ix":6}},"ao":0,"shapes":[{"ty":"gr","it":[{"ind":0,"ty":"sh","ix":1,"ks":{"a":1,"k":[{"i":{"x":0.833,"y":0.833},"o":{"x":0.167,"y":0.167},"t":27,"s":[{"i":[[9.415,-65.904],[0,-80],[12,-92],[-16,-108],[2,-74],[-7.652,-126.259],[-22.375,-130.52],[16,-68]],"o":[[-16,112],[0,73.43],[-16.237,124.484],[16,107.999],[-3.892,144.003],[8,132],[24,140],[-16,68]],"v":[[12,-1276],[-8,-944],[0,-740],[4,-520],[0,-260],[-8,-24],[8,208],[4,456]],"c":false}]},{"i":{"x":0.833,"y":0.833},"o":{"x":0.167,"y":0.167},"t":35,"s":[{"i":[[9.415,-65.904],[0,-80],[12,-92],[4.117,-109.101],[2,-74],[-8,-124],[8.618,-132.143],[-9,-66]],"o":[[-16,112],[0,73.43],[-16.237,124.484],[-2,53],[-3.892,144.003],[8.514,131.968],[-9,138],[9.439,69.216]],"v":[[12,-1276],[-8,-944],[12,-737],[-7,-517],[-8,-209],[22,-25],[-2,209],[4,456]],"c":false}]},{"i":{"x":0.833,"y":0.833},"o":{"x":0.167,"y":0.167},"t":43,"s":[{"i":[[9.415,-65.904],[0,-80],[12,-92],[-16,-108],[2,-74],[-7.652,-126.259],[-22.375,-130.52],[16,-68]],"o":[[-16,112],[0,73.43],[-16.237,124.484],[16,107.999],[-3.892,144.003],[8,132],[24,140],[-16,68]],"v":[[12,-1276],[-8,-944],[0,-740],[4,-520],[0,-260],[-8,-24],[8,208],[4,456]],"c":false}]},{"i":{"x":0.833,"y":0.833},"o":{"x":0.167,"y":0.167},"t":49,"s":[{"i":[[9.415,-65.904],[0,-80],[12,-92],[4.117,-109.101],[2,-74],[-8,-124],[8.618,-132.143],[-9,-66]],"o":[[-16,112],[0,73.43],[-16.237,124.484],[-2,53],[-3.892,144.003],[8.514,131.968],[-9,138],[9.439,69.216]],"v":[[12,-1276],[-8,-944],[12,-737],[-7,-517],[-8,-209],[22,-25],[-2,209],[4,456]],"c":false}]},{"t":57,"s":[{"i":[[9.415,-65.904],[0,-80],[12,-92],[-16,-108],[2,-74],[-7.652,-126.259],[-22.375,-130.52],[16,-68]],"o":[[-16,112],[0,73.43],[-16.237,124.484],[16,107.999],[-3.892,144.003],[8,132],[24,140],[-16,68]],"v":[[12,-1276],[-8,-944],[0,-740],[4,-520],[0,-260],[-8,-24],[8,208],[4,456]],"c":false}]}],"ix":2},"nm":"Path 1","mn":"ADBE Vector Shape - Group","hd":false},{"ty":"tm","s":{"a":1,"k":[{"i":{"x":[0.833],"y":[0.833]},"o":{"x":[0.167],"y":[0.167]},"t":42,"s":[0]},{"t":57,"s":[100]}],"ix":1},"e":{"a":1,"k":[{"i":{"x":[0.833],"y":[0.833]},"o":{"x":[0.167],"y":[0.167]},"t":19,"s":[0]},{"t":31,"s":[100]}],"ix":2},"o":{"a":0,"k":0,"ix":3},"m":1,"ix":2,"nm":"Trim Paths 1","mn":"ADBE Vector Filter - Trim","hd":false},{"ty":"st","c":{"a":0,"k":[0.250999989229,0.481999984442,1,1],"ix":3},"o":{"a":0,"k":100,"ix":4},"w":{"a":0,"k":70,"ix":5},"lc":2,"lj":2,"bm":0,"nm":"Stroke 1","mn":"ADBE Vector Graphic - Stroke","hd":false},{"ty":"tr","p":{"a":0,"k":[0,0],"ix":2},"a":{"a":0,"k":[0,0],"ix":1},"s":{"a":0,"k":[100,100],"ix":3},"r":{"a":0,"k":0,"ix":6},"o":{"a":0,"k":100,"ix":7},"sk":{"a":0,"k":0,"ix":4},"sa":{"a":0,"k":0,"ix":5},"nm":"Transform"}],"nm":"Shape 1","np":4,"cix":2,"bm":0,"ix":1,"mn":"ADBE Vector Group","hd":false}],"ip":0,"op":138,"st":0,"bm":0},{"ddd":0,"ind":12,"ty":4,"nm":"Layer 6 Outlines","parent":16,"sr":1,"ks":{"o":{"a":0,"k":100,"ix":11},"r":{"a":0,"k":0,"ix":10},"p":{"a":0,"k":[250,250,0],"ix":2},"a":{"a":0,"k":[250,250,0],"ix":1},"s":{"a":0,"k":[100,100,100],"ix":6}},"ao":0,"shapes":[{"ty":"gr","it":[{"ind":0,"ty":"sh","ix":1,"ks":{"a":0,"k":{"i":[[24.668,0.3],[7.62,-5.717],[-23.328,-0.284],[0,0]],"o":[[-24.658,-0.3],[14.469,6.707],[23.339,0.284],[-5.313,-2.255]],"v":[[4.6,1.454],[-49.541,-4.516],[4.543,6.113],[49.541,-3.309]],"c":true},"ix":2},"nm":"Path 1","mn":"ADBE Vector Shape - Group","hd":false},{"ty":"fl","c":{"a":0,"k":[0.250999989229,0.481999984442,1,1],"ix":4},"o":{"a":0,"k":100,"ix":5},"r":1,"bm":0,"nm":"Fill 1","mn":"ADBE Vector Graphic - Fill","hd":false},{"ty":"tr","p":{"a":0,"k":[252.085,154.346],"ix":2},"a":{"a":0,"k":[0,0],"ix":1},"s":{"a":0,"k":[100,100],"ix":3},"r":{"a":0,"k":0,"ix":6},"o":{"a":0,"k":100,"ix":7},"sk":{"a":0,"k":0,"ix":4},"sa":{"a":0,"k":0,"ix":5},"nm":"Transform"}],"nm":"Group 1","np":4,"cix":2,"bm":0,"ix":1,"mn":"ADBE Vector Group","hd":false}],"ip":0,"op":138,"st":0,"bm":0},{"ddd":0,"ind":13,"ty":4,"nm":"Layer 7 Outlines","parent":16,"sr":1,"ks":{"o":{"a":0,"k":100,"ix":11},"r":{"a":0,"k":0,"ix":10},"p":{"a":0,"k":[250,250,0],"ix":2},"a":{"a":0,"k":[250,250,0],"ix":1},"s":{"a":0,"k":[100,100,100],"ix":6}},"ao":0,"shapes":[{"ty":"gr","it":[{"ind":0,"ty":"sh","ix":1,"ks":{"a":0,"k":{"i":[[0,0],[-10.432,-0.127],[0,0],[-0.127,10.431]],"o":[[-0.127,10.431],[0,0],[10.432,0.127],[0,0]],"v":[[-63.55,-10.104],[-44.893,9.014],[44.434,10.101],[63.551,-8.556]],"c":true},"ix":2},"nm":"Path 1","mn":"ADBE Vector Shape - Group","hd":false},{"ty":"fl","c":{"a":0,"k":[0.250999989229,0.481999984442,1,1],"ix":4},"o":{"a":0,"k":100,"ix":5},"r":1,"bm":0,"nm":"Fill 1","mn":"ADBE Vector Graphic - Fill","hd":false},{"ty":"tr","p":{"a":0,"k":[249.195,397.273],"ix":2},"a":{"a":0,"k":[0,0],"ix":1},"s":{"a":0,"k":[100,100],"ix":3},"r":{"a":0,"k":0,"ix":6},"o":{"a":0,"k":100,"ix":7},"sk":{"a":0,"k":0,"ix":4},"sa":{"a":0,"k":0,"ix":5},"nm":"Transform"}],"nm":"Group 1","np":4,"cix":2,"bm":0,"ix":1,"mn":"ADBE Vector Group","hd":false}],"ip":0,"op":138,"st":0,"bm":0},{"ddd":0,"ind":14,"ty":4,"nm":"Shape Layer 1","parent":16,"sr":1,"ks":{"o":{"a":0,"k":100,"ix":11},"r":{"a":0,"k":0.6,"ix":10},"p":{"a":0,"k":[249.542,388.583,0],"ix":2},"a":{"a":0,"k":[-1.375,415.75,0],"ix":1},"s":{"a":1,"k":[{"i":{"x":[0.667,0.667,0.667],"y":[1,1,1]},"o":{"x":[0.333,0.333,0.333],"y":[0,0,0]},"t":30,"s":[33.333,0,100]},{"t":50,"s":[33.333,150,100]}],"ix":6}},"ao":0,"shapes":[{"ty":"gr","it":[{"ty":"rc","d":1,"s":{"a":0,"k":[379.5,148],"ix":2},"p":{"a":0,"k":[0,0],"ix":3},"r":{"a":0,"k":0,"ix":4},"nm":"Rectangle Path 1","mn":"ADBE Vector Shape - Rect","hd":false},{"ty":"st","c":{"a":0,"k":[0.929412004059,0.301960993748,0.109803996367,1],"ix":3},"o":{"a":0,"k":100,"ix":4},"w":{"a":0,"k":0,"ix":5},"lc":1,"lj":1,"ml":4,"bm":0,"nm":"Stroke 1","mn":"ADBE Vector Graphic - Stroke","hd":false},{"ty":"fl","c":{"a":0,"k":[0.250999989229,0.481999984442,1,1],"ix":4},"o":{"a":0,"k":100,"ix":5},"r":1,"bm":0,"nm":"Fill 1","mn":"ADBE Vector Graphic - Fill","hd":false},{"ty":"tr","p":{"a":0,"k":[-1.75,341.5],"ix":2},"a":{"a":0,"k":[0,0],"ix":1},"s":{"a":0,"k":[100,100],"ix":3},"r":{"a":0,"k":0,"ix":6},"o":{"a":0,"k":100,"ix":7},"sk":{"a":0,"k":0,"ix":4},"sa":{"a":0,"k":0,"ix":5},"nm":"Transform"}],"nm":"Rectangle 1","np":3,"cix":2,"bm":0,"ix":1,"mn":"ADBE Vector Group","hd":false}],"ip":0,"op":138,"st":0,"bm":0},{"ddd":0,"ind":15,"ty":4,"nm":"Layer 8 Outlines","parent":16,"sr":1,"ks":{"o":{"a":0,"k":30,"ix":11},"r":{"a":0,"k":0,"ix":10},"p":{"a":0,"k":[250,250,0],"ix":2},"a":{"a":0,"k":[250,250,0],"ix":1},"s":{"a":0,"k":[100,100,100],"ix":6}},"ao":0,"shapes":[{"ty":"gr","it":[{"ind":0,"ty":"sh","ix":1,"ks":{"a":0,"k":{"i":[[1.001,6.43],[0,0],[-11.587,-15.698]],"o":[[0,0],[0,0],[9.8,13.276]],"v":[[14.391,7.617],[-7.942,-13.205],[-9.71,4.013]],"c":true},"ix":2},"nm":"Path 1","mn":"ADBE Vector Shape - Group","hd":false},{"ty":"fl","c":{"a":0,"k":[1,1,1,1],"ix":4},"o":{"a":0,"k":100,"ix":5},"r":1,"bm":0,"nm":"Fill 1","mn":"ADBE Vector Graphic - Fill","hd":false},{"ty":"tr","p":{"a":0,"k":[290.974,141.193],"ix":2},"a":{"a":0,"k":[0,0],"ix":1},"s":{"a":0,"k":[100,100],"ix":3},"r":{"a":0,"k":0,"ix":6},"o":{"a":0,"k":100,"ix":7},"sk":{"a":0,"k":0,"ix":4},"sa":{"a":0,"k":0,"ix":5},"nm":"Transform"}],"nm":"Group 1","np":4,"cix":2,"bm":0,"ix":1,"mn":"ADBE Vector Group","hd":false}],"ip":0,"op":138,"st":0,"bm":0},{"ddd":0,"ind":16,"ty":4,"nm":"Layer 10 Outlines","sr":1,"ks":{"o":{"a":0,"k":50,"ix":11},"r":{"a":1,"k":[{"i":{"x":[0.833],"y":[0.833]},"o":{"x":[0.167],"y":[0.167]},"t":15,"s":[-5.8]},{"i":{"x":[0.667],"y":[1]},"o":{"x":[0.167],"y":[0.167]},"t":19,"s":[2.9]},{"i":{"x":[0.833],"y":[1]},"o":{"x":[0.167],"y":[0]},"t":23,"s":[-0.6]},{"i":{"x":[0.833],"y":[0.833]},"o":{"x":[0.167],"y":[0]},"t":123,"s":[-0.6]},{"t":134,"s":[-10.6]}],"ix":10},"p":{"s":true,"x":{"a":1,"k":[{"i":{"x":[0.667],"y":[1]},"o":{"x":[0.96],"y":[0.004]},"t":0,"s":[-484.48]},{"i":{"x":[0.833],"y":[1]},"o":{"x":[0.466],"y":[14.608]},"t":15,"s":[1000]},{"i":{"x":[0.833],"y":[0.833]},"o":{"x":[0.167],"y":[0.167]},"t":86,"s":[1000]},{"i":{"x":[0.667],"y":[1]},"o":{"x":[0.167],"y":[0]},"t":91,"s":[1000]},{"i":{"x":[0.667],"y":[1]},"o":{"x":[0.333],"y":[0]},"t":103,"s":[1000]},{"i":{"x":[0.667],"y":[1]},"o":{"x":[0.333],"y":[0]},"t":123,"s":[1000]},{"t":134,"s":[2862.348]}],"ix":3},"y":{"a":1,"k":[{"i":{"x":[0.833],"y":[0.833]},"o":{"x":[0.167],"y":[0.167]},"t":0,"s":[1460.263]},{"i":{"x":[0.833],"y":[0.833]},"o":{"x":[0.167],"y":[0.167]},"t":15,"s":[1460.263]},{"i":{"x":[0.833],"y":[0.833]},"o":{"x":[0.167],"y":[0.167]},"t":86,"s":[1460.263]},{"i":{"x":[0.667],"y":[1]},"o":{"x":[0.167],"y":[0.167]},"t":91,"s":[1549.332]},{"i":{"x":[0.667],"y":[1]},"o":{"x":[0.333],"y":[0]},"t":103,"s":[1460.263]},{"i":{"x":[0.833],"y":[1]},"o":{"x":[0.333],"y":[0]},"t":123,"s":[1460.263]},{"t":134,"s":[1460.263]}],"ix":4}},"a":{"a":0,"k":[248.445,398.44,0],"ix":1},"s":{"a":0,"k":[300,300,100],"ix":6}},"ao":0,"shapes":[{"ty":"gr","it":[{"ind":0,"ty":"sh","ix":1,"ks":{"a":0,"k":{"i":[[0,0],[0,0],[6.281,5.856],[0,0],[-0.042,3.406],[0,0],[0,0],[0,0],[2.548,-2.262],[0,0],[0.105,-8.587],[0,0],[0.329,-9.713],[0.079,-6.561],[0,0],[-10.432,-0.127],[0,0],[-0.127,10.431],[0,0]],"o":[[0,0],[0.104,-8.587],[0,0],[-2.492,-2.323],[0,0],[0,0],[0,0],[-0.042,3.407],[0,0],[-6.422,5.701],[0,0],[0.016,1.201],[-0.141,12.364],[0,0],[-0.127,10.431],[0,0],[10.431,0.127],[0,0],[0,0]],"v":[[63.88,-3.778],[64.886,-86.4],[55.189,-109.076],[32.856,-129.899],[29.009,-138.894],[29.156,-150.99],[-24.924,-151.648],[-25.071,-139.553],[-29.136,-130.653],[-51.969,-110.381],[-62.216,-87.948],[-63.222,-5.325],[-63.479,8.262],[-63.604,26.117],[-64.887,131.442],[-46.229,150.559],[43.097,151.647],[62.215,132.99],[63.497,27.664]],"c":false},"ix":2},"nm":"Path 1","mn":"ADBE Vector Shape - Group","hd":false},{"ty":"fl","c":{"a":0,"k":[0.250999989229,0.481999984442,1,1],"ix":4},"o":{"a":0,"k":100,"ix":5},"r":1,"bm":0,"nm":"Fill 1","mn":"ADBE Vector Graphic - Fill","hd":false},{"ty":"tr","p":{"a":0,"k":[250.532,255.728],"ix":2},"a":{"a":0,"k":[0,0],"ix":1},"s":{"a":0,"k":[100,100],"ix":3},"r":{"a":0,"k":0,"ix":6},"o":{"a":0,"k":100,"ix":7},"sk":{"a":0,"k":0,"ix":4},"sa":{"a":0,"k":0,"ix":5},"nm":"Transform"}],"nm":"Group 1","np":4,"cix":2,"bm":0,"ix":1,"mn":"ADBE Vector Group","hd":false}],"ip":0,"op":138,"st":0,"bm":0},{"ddd":0,"ind":17,"ty":4,"nm":"BG","sr":1,"ks":{"o":{"a":0,"k":100,"ix":11},"r":{"a":0,"k":0,"ix":10},"p":{"a":0,"k":[1000,1000,0],"ix":2},"a":{"a":0,"k":[0,0,0],"ix":1},"s":{"a":0,"k":[100,100,100],"ix":6}},"ao":0,"shapes":[{"ty":"gr","it":[{"ty":"rc","d":1,"s":{"a":0,"k":[2000,2000],"ix":2},"p":{"a":0,"k":[0,0],"ix":3},"r":{"a":0,"k":0,"ix":4},"nm":"Rectangle Path 1","mn":"ADBE Vector Shape - Rect","hd":false},{"ty":"st","c":{"a":0,"k":[1,1,1,1],"ix":3},"o":{"a":0,"k":100,"ix":4},"w":{"a":0,"k":3,"ix":5},"lc":1,"lj":1,"ml":4,"bm":0,"nm":"Stroke 1","mn":"ADBE Vector Graphic - Stroke","hd":false},{"ty":"fl","c":{"a":0,"k":[1,1,1,1],"ix":4},"o":{"a":0,"k":100,"ix":5},"r":1,"bm":0,"nm":"Fill 1","mn":"ADBE Vector Graphic - Fill","hd":false},{"ty":"tr","p":{"a":0,"k":[0,0],"ix":2},"a":{"a":0,"k":[0,0],"ix":1},"s":{"a":0,"k":[100,100],"ix":3},"r":{"a":0,"k":0,"ix":6},"o":{"a":0,"k":100,"ix":7},"sk":{"a":0,"k":0,"ix":4},"sa":{"a":0,"k":0,"ix":5},"nm":"Transform"}],"nm":"Rectangle 1","np":3,"cix":2,"bm":0,"ix":1,"mn":"ADBE Vector Group","hd":false}],"ip":0,"op":138,"st":0,"bm":0}],"markers":[]}